idx,status
0,legitimate
1,phishing
2,legitimate
3,legitimate
4,phishing
5,phishing
6,legitimate
7,phishing
8,legitimate
9,legitimate
10,phishing
11,legitimate
12,legitimate
13,phishing
14,legitimate
15,legitimate
16,legitimate
17,legitimate
18,legitimate
19,phishing
20,legitimate
21,legitimate
22,legitimate
23,legitimate
24,legitimate
25,phishing
26,legitimate
27,legitimate
28,phishing
29,legitimate
30,phishing
31,legitimate
32,legitimate
33,legitimate
34,legitimate
35,legitimate
36,phishing
37,legitimate
38,phishing
39,phishing
40,phishing
41,legitimate
42,legitimate
43,phishing
44,phishing
45,phishing
46,legitimate
47,phishing
48,legitimate
49,phishing
50,legitimate
51,legitimate
52,phishing
53,phishing
54,phishing
55,phishing
56,phishing
57,phishing
58,legitimate
59,legitimate
60,legitimate
61,legitimate
62,legitimate
63,phishing
64,legitimate
65,phishing
66,legitimate
67,phishing
68,phishing
69,phishing
70,phishing
71,phishing
72,legitimate
73,phishing
74,legitimate
75,legitimate
76,legitimate
77,phishing
78,phishing
79,phishing
80,phishing
81,phishing
82,legitimate
83,legitimate
84,legitimate
85,legitimate
86,legitimate
87,phishing
88,phishing
89,legitimate
90,legitimate
91,phishing
92,legitimate
93,legitimate
94,phishing
95,legitimate
96,legitimate
97,phishing
98,phishing
99,phishing
100,legitimate
101,legitimate
102,legitimate
103,legitimate
104,legitimate
105,legitimate
106,legitimate
107,phishing
108,phishing
109,legitimate
110,legitimate
111,legitimate
112,phishing
113,phishing
114,phishing
115,legitimate
116,phishing
117,phishing
118,legitimate
119,phishing
120,phishing
121,legitimate
122,legitimate
123,phishing
124,phishing
125,phishing
126,phishing
127,phishing
128,phishing
129,legitimate
130,phishing
131,legitimate
132,phishing
133,legitimate
134,legitimate
135,legitimate
136,legitimate
137,legitimate
138,phishing
139,legitimate
140,phishing
141,legitimate
142,legitimate
143,phishing
144,phishing
145,phishing
146,phishing
147,phishing
148,legitimate
149,legitimate
150,legitimate
151,legitimate
152,phishing
153,phishing
154,legitimate
155,legitimate
156,legitimate
157,legitimate
158,legitimate
159,legitimate
160,legitimate
161,legitimate
162,legitimate
163,legitimate
164,phishing
165,phishing
166,legitimate
167,legitimate
168,legitimate
169,phishing
170,legitimate
171,legitimate
172,phishing
173,phishing
174,legitimate
175,legitimate
176,phishing
177,legitimate
178,phishing
179,phishing
180,legitimate
181,legitimate
182,legitimate
183,phishing
184,phishing
185,legitimate
186,legitimate
187,legitimate
188,phishing
189,phishing
190,phishing
191,phishing
192,legitimate
193,phishing
194,legitimate
195,phishing
196,phishing
197,legitimate
198,legitimate
199,phishing
200,legitimate
201,phishing
202,legitimate
203,legitimate
204,legitimate
205,legitimate
206,phishing
207,legitimate
208,phishing
209,legitimate
210,phishing
211,legitimate
212,legitimate
213,phishing
214,legitimate
215,phishing
216,phishing
217,phishing
218,phishing
219,legitimate
220,phishing
221,legitimate
222,phishing
223,legitimate
224,phishing
225,legitimate
226,phishing
227,phishing
228,phishing
229,phishing
230,legitimate
231,legitimate
232,legitimate
233,phishing
234,phishing
235,legitimate
236,legitimate
237,legitimate
238,phishing
239,legitimate
240,phishing
241,phishing
242,phishing
243,legitimate
244,legitimate
245,phishing
246,phishing
247,legitimate
248,phishing
249,legitimate
250,legitimate
251,phishing
252,legitimate
253,phishing
254,legitimate
255,phishing
256,legitimate
257,legitimate
258,phishing
259,legitimate
260,legitimate
261,phishing
262,legitimate
263,phishing
264,phishing
265,phishing
266,phishing
267,phishing
268,phishing
269,legitimate
270,legitimate
271,legitimate
272,legitimate
273,legitimate
274,legitimate
275,legitimate
276,phishing
277,legitimate
278,legitimate
279,legitimate
280,phishing
281,phishing
282,legitimate
283,phishing
284,legitimate
285,phishing
286,phishing
287,legitimate
288,phishing
289,phishing
290,phishing
291,phishing
292,phishing
293,phishing
294,legitimate
295,phishing
296,legitimate
297,legitimate
298,legitimate
299,phishing
300,phishing
301,legitimate
302,phishing
303,phishing
304,legitimate
305,phishing
306,phishing
307,phishing
308,phishing
309,phishing
310,phishing
311,legitimate
312,legitimate
313,phishing
314,legitimate
315,legitimate
316,phishing
317,legitimate
318,phishing
319,phishing
320,phishing
321,phishing
322,phishing
323,phishing
324,legitimate
325,legitimate
326,legitimate
327,legitimate
328,legitimate
329,legitimate
330,legitimate
331,phishing
332,legitimate
333,legitimate
334,legitimate
335,phishing
336,legitimate
337,legitimate
338,legitimate
339,phishing
340,legitimate
341,legitimate
342,legitimate
343,legitimate
344,legitimate
345,phishing
346,legitimate
347,phishing
348,phishing
349,legitimate
350,legitimate
351,legitimate
352,legitimate
353,legitimate
354,legitimate
355,phishing
356,phishing
357,phishing
358,legitimate
359,legitimate
360,phishing
361,phishing
362,phishing
363,legitimate
364,legitimate
365,phishing
366,legitimate
367,phishing
368,legitimate
369,phishing
370,legitimate
371,phishing
372,legitimate
373,legitimate
374,legitimate
375,phishing
376,phishing
377,legitimate
378,phishing
379,phishing
380,phishing
381,phishing
382,legitimate
383,phishing
384,legitimate
385,phishing
386,legitimate
387,phishing
388,phishing
389,legitimate
390,legitimate
391,phishing
392,legitimate
393,phishing
394,phishing
395,phishing
396,phishing
397,legitimate
398,phishing
399,legitimate
400,phishing
401,legitimate
402,legitimate
403,phishing
404,phishing
405,phishing
406,legitimate
407,phishing
408,legitimate
409,phishing
410,phishing
411,legitimate
412,legitimate
413,legitimate
414,phishing
415,legitimate
416,phishing
417,phishing
418,phishing
419,phishing
420,phishing
421,phishing
422,phishing
423,phishing
424,legitimate
425,legitimate
426,phishing
427,phishing
428,phishing
429,legitimate
430,phishing
431,legitimate
432,legitimate
433,legitimate
434,phishing
435,legitimate
436,phishing
437,legitimate
438,legitimate
439,legitimate
440,legitimate
441,legitimate
442,legitimate
443,phishing
444,legitimate
445,legitimate
446,phishing
447,phishing
448,legitimate
449,phishing
450,phishing
451,phishing
452,legitimate
453,legitimate
454,legitimate
455,legitimate
456,legitimate
457,legitimate
458,legitimate
459,legitimate
460,legitimate
461,legitimate
462,phishing
463,phishing
464,legitimate
465,phishing
466,phishing
467,phishing
468,phishing
469,phishing
470,legitimate
471,legitimate
472,legitimate
473,legitimate
474,phishing
475,phishing
476,legitimate
477,phishing
478,phishing
479,legitimate
480,legitimate
481,legitimate
482,phishing
483,legitimate
484,phishing
485,phishing
486,phishing
487,phishing
488,legitimate
489,phishing
490,phishing
491,legitimate
492,phishing
493,phishing
494,phishing
495,legitimate
496,phishing
497,phishing
498,phishing
499,legitimate
500,phishing
501,phishing
502,phishing
503,phishing
504,legitimate
505,legitimate
506,phishing
507,legitimate
508,legitimate
509,legitimate
510,phishing
511,legitimate
512,phishing
513,legitimate
514,phishing
515,phishing
516,phishing
517,legitimate
518,legitimate
519,legitimate
520,phishing
521,phishing
522,phishing
523,phishing
524,phishing
525,phishing
526,phishing
527,phishing
528,legitimate
529,phishing
530,legitimate
531,phishing
532,legitimate
533,phishing
534,legitimate
535,phishing
536,legitimate
537,legitimate
538,phishing
539,phishing
540,legitimate
541,legitimate
542,legitimate
543,legitimate
544,legitimate
545,phishing
546,phishing
547,legitimate
548,phishing
549,phishing
550,phishing
551,phishing
552,legitimate
553,phishing
554,legitimate
555,phishing
556,phishing
557,legitimate
558,phishing
559,legitimate
560,legitimate
561,legitimate
562,legitimate
563,phishing
564,phishing
565,phishing
566,phishing
567,legitimate
568,legitimate
569,legitimate
570,legitimate
571,legitimate
572,phishing
573,phishing
574,legitimate
575,phishing
576,phishing
577,legitimate
578,phishing
579,phishing
580,legitimate
581,phishing
582,phishing
583,phishing
584,phishing
585,legitimate
586,legitimate
587,phishing
588,legitimate
589,phishing
590,legitimate
591,legitimate
592,legitimate
593,legitimate
594,legitimate
595,legitimate
596,phishing
597,phishing
598,phishing
599,phishing
600,phishing
601,phishing
602,legitimate
603,legitimate
604,phishing
605,phishing
606,legitimate
607,legitimate
608,legitimate
609,phishing
610,phishing
611,legitimate
612,legitimate
613,legitimate
614,legitimate
615,phishing
616,phishing
617,legitimate
618,legitimate
619,legitimate
620,legitimate
621,legitimate
622,legitimate
623,phishing
624,phishing
625,legitimate
626,legitimate
627,legitimate
628,legitimate
629,phishing
630,legitimate
631,phishing
632,legitimate
633,legitimate
634,phishing
635,legitimate
636,phishing
637,phishing
638,phishing
639,phishing
640,phishing
641,phishing
642,phishing
643,legitimate
644,legitimate
645,legitimate
646,phishing
647,legitimate
648,legitimate
649,legitimate
650,legitimate
651,legitimate
652,phishing
653,legitimate
654,phishing
655,phishing
656,phishing
657,legitimate
658,phishing
659,legitimate
660,phishing
661,legitimate
662,phishing
663,phishing
664,phishing
665,phishing
666,legitimate
667,legitimate
668,phishing
669,legitimate
670,phishing
671,legitimate
672,legitimate
673,phishing
674,legitimate
675,phishing
676,legitimate
677,legitimate
678,legitimate
679,legitimate
680,legitimate
681,phishing
682,phishing
683,phishing
684,phishing
685,phishing
686,legitimate
687,legitimate
688,phishing
689,phishing
690,legitimate
691,phishing
692,legitimate
693,legitimate
694,phishing
695,phishing
696,phishing
697,phishing
698,legitimate
699,legitimate
700,legitimate
701,phishing
702,legitimate
703,legitimate
704,phishing
705,phishing
706,phishing
707,phishing
708,legitimate
709,phishing
710,legitimate
711,phishing
712,phishing
713,legitimate
714,phishing
715,legitimate
716,phishing
717,legitimate
718,legitimate
719,phishing
720,legitimate
721,legitimate
722,phishing
723,legitimate
724,legitimate
725,phishing
726,legitimate
727,legitimate
728,phishing
729,phishing
730,legitimate
731,phishing
732,phishing
733,legitimate
734,legitimate
735,phishing
736,phishing
737,legitimate
738,phishing
739,phishing
740,phishing
741,phishing
742,legitimate
743,phishing
744,phishing
745,legitimate
746,legitimate
747,phishing
748,phishing
749,phishing
750,phishing
751,phishing
752,phishing
753,legitimate
754,legitimate
755,phishing
756,phishing
757,phishing
758,legitimate
759,phishing
760,phishing
761,phishing
762,legitimate
763,phishing
764,legitimate
765,phishing
766,phishing
767,legitimate
768,phishing
769,phishing
770,legitimate
771,phishing
772,phishing
773,phishing
774,phishing
775,legitimate
776,phishing
777,legitimate
778,legitimate
779,phishing
780,phishing
781,phishing
782,legitimate
783,phishing
784,legitimate
785,legitimate
786,legitimate
787,legitimate
788,legitimate
789,legitimate
790,phishing
791,phishing
792,phishing
793,legitimate
794,phishing
795,legitimate
796,phishing
797,phishing
798,legitimate
799,phishing
800,legitimate
801,legitimate
802,legitimate
803,phishing
804,phishing
805,phishing
806,phishing
807,legitimate
808,legitimate
809,legitimate
810,legitimate
811,legitimate
812,phishing
813,legitimate
814,legitimate
815,phishing
816,legitimate
817,phishing
818,phishing
819,phishing
820,phishing
821,phishing
822,phishing
823,legitimate
824,legitimate
825,legitimate
826,phishing
827,phishing
828,phishing
829,legitimate
830,phishing
831,legitimate
832,phishing
833,phishing
834,phishing
835,phishing
836,legitimate
837,phishing
838,phishing
839,phishing
840,legitimate
841,phishing
842,legitimate
843,phishing
844,legitimate
845,phishing
846,phishing
847,phishing
848,legitimate
849,phishing
850,legitimate
851,phishing
852,legitimate
853,phishing
854,legitimate
855,legitimate
856,legitimate
857,phishing
858,phishing
859,legitimate
860,legitimate
861,phishing
862,legitimate
863,phishing
864,phishing
865,phishing
866,legitimate
867,phishing
868,phishing
869,phishing
870,phishing
871,phishing
872,phishing
873,legitimate
874,legitimate
875,phishing
876,legitimate
877,phishing
878,legitimate
879,legitimate
880,phishing
881,phishing
882,legitimate
883,legitimate
884,legitimate
885,phishing
886,legitimate
887,legitimate
888,phishing
889,legitimate
890,phishing
891,legitimate
892,phishing
893,legitimate
894,legitimate
895,legitimate
896,phishing
897,phishing
898,phishing
899,legitimate
900,phishing
901,phishing
902,phishing
903,legitimate
904,phishing
905,legitimate
906,phishing
907,legitimate
908,legitimate
909,phishing
910,phishing
911,phishing
912,legitimate
913,phishing
914,legitimate
915,phishing
916,phishing
917,phishing
918,legitimate
919,phishing
920,legitimate
921,phishing
922,legitimate
923,phishing
924,phishing
925,phishing
926,legitimate
927,phishing
928,phishing
929,phishing
930,phishing
931,phishing
932,phishing
933,legitimate
934,phishing
935,phishing
936,phishing
937,phishing
938,phishing
939,phishing
940,legitimate
941,phishing
942,phishing
943,legitimate
944,phishing
945,phishing
946,legitimate
947,phishing
948,phishing
949,legitimate
950,legitimate
951,phishing
952,phishing
953,phishing
954,legitimate
955,phishing
956,legitimate
957,phishing
958,legitimate
959,phishing
960,phishing
961,legitimate
962,phishing
963,phishing
964,legitimate
965,phishing
966,legitimate
967,phishing
968,legitimate
969,phishing
970,legitimate
971,legitimate
972,legitimate
973,phishing
974,legitimate
975,legitimate
976,legitimate
977,phishing
978,legitimate
979,phishing
980,phishing
981,legitimate
982,legitimate
983,phishing
984,legitimate
985,legitimate
986,phishing
987,phishing
988,phishing
989,legitimate
990,legitimate
991,legitimate
992,legitimate
993,legitimate
994,legitimate
995,legitimate
996,phishing
997,legitimate
998,legitimate
999,legitimate
1000,legitimate
1001,legitimate
1002,legitimate
1003,phishing
1004,phishing
1005,phishing
1006,phishing
1007,legitimate
1008,legitimate
1009,legitimate
1010,legitimate
1011,phishing
1012,phishing
1013,phishing
1014,legitimate
1015,legitimate
1016,legitimate
1017,phishing
1018,phishing
1019,phishing
1020,phishing
1021,phishing
1022,phishing
1023,phishing
1024,legitimate
1025,legitimate
1026,legitimate
1027,legitimate
1028,phishing
1029,legitimate
1030,phishing
1031,phishing
1032,phishing
1033,phishing
1034,legitimate
1035,legitimate
1036,legitimate
1037,phishing
1038,legitimate
1039,phishing
1040,legitimate
1041,legitimate
1042,phishing
1043,phishing
1044,legitimate
1045,phishing
1046,phishing
1047,legitimate
1048,phishing
1049,legitimate
1050,legitimate
1051,legitimate
1052,legitimate
1053,legitimate
1054,legitimate
1055,legitimate
1056,phishing
1057,legitimate
1058,legitimate
1059,phishing
1060,legitimate
1061,phishing
1062,legitimate
1063,legitimate
1064,phishing
1065,phishing
1066,legitimate
1067,phishing
1068,legitimate
1069,legitimate
1070,legitimate
1071,phishing
1072,phishing
1073,phishing
1074,legitimate
1075,phishing
1076,phishing
1077,legitimate
1078,legitimate
1079,phishing
1080,legitimate
1081,phishing
1082,legitimate
1083,phishing
1084,legitimate
1085,legitimate
1086,legitimate
1087,phishing
1088,phishing
1089,legitimate
1090,legitimate
1091,phishing
1092,legitimate
1093,legitimate
1094,legitimate
1095,phishing
1096,phishing
1097,phishing
1098,phishing
1099,legitimate
1100,phishing
1101,phishing
1102,phishing
1103,legitimate
1104,phishing
1105,legitimate
1106,legitimate
1107,phishing
1108,legitimate
1109,phishing
1110,legitimate
1111,phishing
1112,legitimate
1113,phishing
1114,phishing
1115,phishing
1116,phishing
1117,legitimate
1118,phishing
1119,legitimate
1120,legitimate
1121,phishing
1122,legitimate
1123,legitimate
1124,legitimate
1125,legitimate
1126,phishing
1127,phishing
1128,phishing
1129,phishing
1130,phishing
1131,phishing
1132,phishing
1133,phishing
1134,phishing
1135,phishing
1136,legitimate
1137,legitimate
1138,legitimate
1139,legitimate
1140,legitimate
1141,phishing
1142,phishing
1143,legitimate
1144,phishing
1145,legitimate
1146,phishing
1147,phishing
1148,phishing
1149,legitimate
1150,phishing
1151,legitimate
1152,legitimate
1153,phishing
1154,phishing
1155,legitimate
1156,phishing
1157,phishing
1158,legitimate
1159,phishing
1160,phishing
1161,phishing
1162,legitimate
1163,phishing
1164,phishing
1165,legitimate
1166,legitimate
1167,phishing
1168,phishing
1169,phishing
1170,legitimate
1171,phishing
1172,phishing
1173,phishing
1174,phishing
1175,legitimate
1176,phishing
1177,legitimate
1178,legitimate
1179,phishing
1180,legitimate
1181,phishing
1182,legitimate
1183,legitimate
1184,legitimate
1185,legitimate
1186,legitimate
1187,legitimate
1188,phishing
1189,legitimate
1190,phishing
1191,phishing
1192,legitimate
1193,phishing
1194,legitimate
1195,legitimate
1196,phishing
1197,legitimate
1198,legitimate
1199,phishing
1200,legitimate
1201,phishing
1202,phishing
1203,legitimate
1204,phishing
1205,legitimate
1206,phishing
1207,phishing
1208,phishing
1209,phishing
1210,legitimate
1211,legitimate
1212,phishing
1213,phishing
1214,legitimate
1215,legitimate
1216,phishing
1217,phishing
1218,phishing
1219,legitimate
1220,legitimate
1221,legitimate
1222,phishing
1223,phishing
1224,phishing
1225,legitimate
1226,legitimate
1227,phishing
1228,phishing
1229,legitimate
1230,legitimate
1231,phishing
1232,phishing
1233,phishing
1234,legitimate
1235,phishing
1236,legitimate
1237,phishing
1238,phishing
1239,phishing
1240,legitimate
1241,phishing
1242,legitimate
1243,phishing
1244,phishing
1245,phishing
1246,legitimate
1247,legitimate
1248,legitimate
1249,legitimate
1250,phishing
1251,legitimate
1252,legitimate
1253,legitimate
1254,phishing
1255,legitimate
1256,phishing
1257,legitimate
1258,legitimate
1259,phishing
1260,legitimate
1261,legitimate
1262,phishing
1263,phishing
1264,phishing
1265,legitimate
1266,phishing
1267,legitimate
1268,phishing
1269,phishing
1270,legitimate
1271,phishing
1272,phishing
1273,legitimate
1274,legitimate
1275,legitimate
1276,legitimate
1277,phishing
1278,legitimate
1279,phishing
1280,legitimate
1281,legitimate
1282,legitimate
1283,legitimate
1284,legitimate
1285,legitimate
1286,legitimate
1287,legitimate
1288,legitimate
1289,phishing
1290,phishing
1291,legitimate
1292,phishing
1293,phishing
1294,phishing
1295,legitimate
1296,legitimate
1297,phishing
1298,legitimate
1299,phishing
1300,phishing
1301,legitimate
1302,legitimate
1303,legitimate
1304,legitimate
1305,legitimate
1306,phishing
1307,phishing
1308,legitimate
1309,legitimate
1310,phishing
1311,legitimate
1312,phishing
1313,legitimate
1314,phishing
1315,legitimate
1316,legitimate
1317,phishing
1318,phishing
1319,phishing
1320,phishing
1321,legitimate
1322,legitimate
1323,legitimate
1324,legitimate
1325,phishing
1326,legitimate
1327,legitimate
1328,phishing
1329,phishing
1330,phishing
1331,phishing
1332,phishing
1333,legitimate
1334,legitimate
1335,legitimate
1336,legitimate
1337,phishing
1338,phishing
1339,phishing
1340,legitimate
1341,legitimate
1342,legitimate
1343,legitimate
1344,phishing
1345,phishing
1346,phishing
1347,legitimate
1348,phishing
1349,legitimate
1350,phishing
1351,phishing
1352,legitimate
1353,legitimate
1354,legitimate
1355,phishing
1356,legitimate
1357,phishing
1358,legitimate
1359,legitimate
1360,legitimate
1361,phishing
1362,legitimate
1363,legitimate
1364,phishing
1365,legitimate
1366,legitimate
1367,legitimate
1368,legitimate
1369,legitimate
1370,phishing
1371,legitimate
1372,phishing
1373,phishing
1374,legitimate
1375,phishing
1376,legitimate
1377,phishing
1378,legitimate
1379,legitimate
1380,phishing
1381,phishing
1382,phishing
1383,legitimate
1384,phishing
1385,legitimate
1386,legitimate
1387,phishing
1388,legitimate
1389,phishing
1390,phishing
1391,phishing
1392,phishing
1393,phishing
1394,legitimate
1395,phishing
1396,legitimate
1397,phishing
1398,phishing
1399,phishing
1400,legitimate
1401,phishing
1402,legitimate
1403,legitimate
1404,legitimate
1405,phishing
1406,phishing
1407,legitimate
1408,phishing
1409,legitimate
1410,phishing
1411,phishing
1412,legitimate
1413,phishing
1414,legitimate
1415,phishing
1416,phishing
1417,legitimate
1418,legitimate
1419,legitimate
1420,phishing
1421,phishing
1422,phishing
1423,phishing
1424,phishing
1425,phishing
1426,phishing
1427,legitimate
1428,legitimate
1429,phishing
1430,legitimate
1431,legitimate
1432,phishing
1433,legitimate
1434,legitimate
1435,legitimate
1436,phishing
1437,phishing
1438,phishing
1439,phishing
1440,legitimate
1441,legitimate
1442,phishing
1443,phishing
1444,legitimate
1445,legitimate
1446,legitimate
1447,phishing
1448,phishing
1449,legitimate
1450,legitimate
1451,legitimate
1452,legitimate
1453,legitimate
1454,phishing
1455,phishing
1456,legitimate
1457,phishing
1458,legitimate
1459,phishing
1460,legitimate
1461,legitimate
1462,phishing
1463,legitimate
1464,legitimate
1465,phishing
1466,legitimate
1467,legitimate
1468,legitimate
1469,legitimate
1470,phishing
1471,phishing
1472,legitimate
1473,phishing
1474,phishing
1475,legitimate
1476,phishing
1477,legitimate
1478,phishing
1479,phishing
1480,legitimate
1481,phishing
1482,phishing
1483,legitimate
1484,phishing
1485,legitimate
1486,phishing
1487,phishing
1488,phishing
1489,phishing
1490,phishing
1491,legitimate
1492,legitimate
1493,legitimate
1494,legitimate
1495,legitimate
1496,phishing
1497,legitimate
1498,legitimate
1499,legitimate
1500,phishing
1501,phishing
1502,legitimate
1503,phishing
1504,legitimate
1505,legitimate
1506,legitimate
1507,phishing
1508,legitimate
1509,legitimate
1510,phishing
1511,phishing
1512,legitimate
1513,legitimate
1514,phishing
1515,phishing
1516,phishing
1517,legitimate
1518,phishing
1519,legitimate
1520,phishing
1521,phishing
1522,phishing
1523,phishing
1524,phishing
1525,legitimate
1526,legitimate
1527,phishing
1528,legitimate
1529,phishing
1530,legitimate
1531,phishing
1532,phishing
1533,phishing
1534,legitimate
1535,legitimate
1536,phishing
1537,phishing
1538,legitimate
1539,phishing
1540,phishing
1541,phishing
1542,phishing
1543,phishing
1544,phishing
1545,legitimate
1546,legitimate
1547,phishing
1548,phishing
1549,legitimate
1550,phishing
1551,phishing
1552,legitimate
1553,legitimate
1554,phishing
1555,phishing
1556,legitimate
1557,legitimate
1558,phishing
1559,legitimate
1560,phishing
1561,phishing
1562,phishing
1563,phishing
1564,phishing
1565,legitimate
1566,legitimate
1567,phishing
1568,phishing
1569,phishing
1570,phishing
1571,legitimate
1572,legitimate
1573,legitimate
1574,phishing
1575,legitimate
1576,phishing
1577,legitimate
1578,legitimate
1579,legitimate
1580,phishing
1581,legitimate
1582,legitimate
1583,phishing
1584,legitimate
1585,phishing
1586,legitimate
1587,phishing
1588,legitimate
1589,phishing
1590,phishing
1591,phishing
1592,phishing
1593,legitimate
1594,legitimate
1595,legitimate
1596,phishing
1597,phishing
1598,legitimate
1599,phishing
1600,phishing
1601,legitimate
1602,phishing
1603,legitimate
1604,legitimate
1605,legitimate
1606,phishing
1607,phishing
1608,legitimate
1609,phishing
1610,phishing
1611,phishing
1612,phishing
1613,phishing
1614,legitimate
1615,legitimate
1616,legitimate
1617,legitimate
1618,legitimate
1619,phishing
1620,legitimate
1621,legitimate
1622,phishing
1623,phishing
1624,phishing
1625,legitimate
1626,legitimate
1627,phishing
1628,phishing
1629,phishing
1630,phishing
1631,phishing
1632,phishing
1633,phishing
1634,legitimate
1635,legitimate
1636,phishing
1637,legitimate
1638,legitimate
1639,phishing
1640,legitimate
1641,legitimate
1642,phishing
1643,legitimate
1644,phishing
1645,legitimate
1646,legitimate
1647,phishing
1648,phishing
1649,phishing
1650,legitimate
1651,phishing
1652,phishing
1653,phishing
1654,legitimate
1655,phishing
1656,phishing
1657,phishing
1658,phishing
1659,legitimate
1660,legitimate
1661,phishing
1662,phishing
1663,phishing
1664,legitimate
1665,legitimate
1666,phishing
1667,legitimate
1668,legitimate
1669,phishing
1670,phishing
1671,legitimate
1672,phishing
1673,phishing
1674,phishing
1675,legitimate
1676,phishing
1677,phishing
1678,phishing
1679,legitimate
1680,phishing
1681,legitimate
1682,phishing
1683,phishing
1684,legitimate
1685,legitimate
1686,phishing
1687,legitimate
1688,phishing
1689,phishing
1690,legitimate
1691,legitimate
1692,phishing
1693,phishing
1694,phishing
1695,phishing
1696,phishing
1697,legitimate
1698,legitimate
1699,phishing
1700,phishing
1701,phishing
1702,phishing
1703,phishing
1704,phishing
1705,phishing
1706,phishing
1707,phishing
1708,phishing
1709,phishing
1710,legitimate
1711,legitimate
1712,phishing
1713,legitimate
1714,phishing
1715,phishing
1716,phishing
1717,legitimate
1718,phishing
1719,legitimate
1720,phishing
1721,legitimate
1722,legitimate
1723,phishing
1724,legitimate
1725,legitimate
1726,phishing
1727,legitimate
1728,phishing
1729,legitimate
1730,phishing
1731,phishing
1732,legitimate
1733,legitimate
1734,phishing
1735,phishing
1736,legitimate
1737,phishing
1738,phishing
1739,phishing
1740,phishing
1741,legitimate
1742,legitimate
1743,legitimate
1744,legitimate
1745,legitimate
1746,phishing
1747,legitimate
1748,legitimate
1749,phishing
1750,phishing
1751,phishing
1752,legitimate
1753,legitimate
1754,legitimate
1755,phishing
1756,phishing
1757,legitimate
1758,phishing
1759,phishing
1760,legitimate
1761,phishing
1762,phishing
1763,phishing
1764,phishing
1765,phishing
1766,legitimate
1767,phishing
1768,legitimate
1769,phishing
1770,legitimate
1771,phishing
1772,legitimate
1773,legitimate
1774,legitimate
1775,phishing
1776,legitimate
1777,legitimate
1778,phishing
1779,legitimate
1780,phishing
1781,phishing
1782,phishing
1783,phishing
1784,phishing
1785,phishing
1786,phishing
1787,phishing
1788,phishing
1789,phishing
1790,phishing
1791,legitimate
1792,phishing
1793,phishing
1794,legitimate
1795,legitimate
1796,phishing
1797,legitimate
1798,phishing
1799,phishing
1800,phishing
1801,phishing
1802,legitimate
1803,legitimate
1804,phishing
1805,phishing
1806,legitimate
1807,phishing
1808,legitimate
1809,legitimate
1810,phishing
1811,phishing
1812,phishing
1813,phishing
1814,phishing
1815,legitimate
1816,legitimate
1817,phishing
1818,legitimate
1819,phishing
1820,phishing
1821,phishing
1822,legitimate
1823,phishing
1824,phishing
1825,phishing
1826,phishing
1827,phishing
1828,legitimate
1829,phishing
1830,legitimate
1831,phishing
1832,phishing
1833,phishing
1834,phishing
1835,legitimate
1836,legitimate
1837,legitimate
1838,legitimate
1839,legitimate
1840,legitimate
1841,phishing
1842,legitimate
1843,phishing
1844,phishing
1845,phishing
1846,phishing
1847,phishing
1848,phishing
1849,phishing
1850,phishing
1851,phishing
1852,phishing
1853,phishing
1854,legitimate
1855,legitimate
1856,phishing
1857,phishing
1858,phishing
1859,phishing
1860,phishing
1861,legitimate
1862,legitimate
1863,legitimate
1864,phishing
1865,legitimate
1866,legitimate
1867,legitimate
1868,legitimate
1869,legitimate
1870,phishing
1871,legitimate
1872,legitimate
1873,phishing
1874,phishing
1875,phishing
1876,phishing
1877,legitimate
1878,legitimate
1879,phishing
1880,legitimate
1881,legitimate
1882,phishing
1883,phishing
1884,phishing
1885,phishing
1886,legitimate
1887,phishing
1888,phishing
1889,legitimate
1890,phishing
1891,phishing
1892,legitimate
1893,phishing
1894,legitimate
1895,phishing
1896,phishing
1897,legitimate
1898,phishing
1899,phishing
1900,phishing
1901,legitimate
1902,phishing
1903,legitimate
1904,legitimate
1905,phishing
1906,phishing
1907,legitimate
1908,phishing
1909,legitimate
1910,phishing
1911,phishing
1912,legitimate
1913,legitimate
1914,phishing
1915,legitimate
1916,phishing
1917,legitimate
1918,phishing
1919,legitimate
1920,phishing
1921,legitimate
1922,legitimate
1923,legitimate
1924,legitimate
1925,phishing
1926,phishing
1927,phishing
1928,legitimate
1929,legitimate
1930,phishing
1931,legitimate
1932,phishing
1933,phishing
1934,phishing
1935,legitimate
1936,legitimate
1937,phishing
1938,legitimate
1939,phishing
1940,phishing
1941,legitimate
1942,legitimate
1943,phishing
1944,phishing
1945,phishing
1946,phishing
1947,phishing
1948,legitimate
1949,legitimate
1950,legitimate
1951,legitimate
1952,legitimate
1953,phishing
1954,phishing
1955,legitimate
1956,legitimate
1957,legitimate
1958,phishing
1959,legitimate
1960,phishing
1961,legitimate
1962,phishing
1963,phishing
1964,phishing
1965,phishing
1966,phishing
1967,phishing
1968,phishing
1969,phishing
1970,legitimate
1971,phishing
1972,legitimate
1973,phishing
1974,legitimate
1975,legitimate
1976,phishing
1977,legitimate
1978,phishing
1979,legitimate
1980,legitimate
1981,phishing
1982,legitimate
1983,legitimate
1984,phishing
1985,phishing
1986,phishing
1987,legitimate
1988,phishing
1989,phishing
1990,legitimate
1991,legitimate
1992,legitimate
1993,legitimate
1994,phishing
1995,legitimate
1996,legitimate
1997,legitimate
1998,phishing
1999,legitimate
2000,legitimate
2001,legitimate
2002,phishing
2003,phishing
2004,phishing
2005,legitimate
2006,legitimate
2007,phishing
2008,legitimate
2009,phishing
2010,legitimate
2011,phishing
2012,phishing
2013,legitimate
2014,phishing
2015,legitimate
2016,phishing
2017,legitimate
2018,phishing
2019,phishing
2020,phishing
2021,legitimate
2022,phishing
2023,legitimate
2024,phishing
2025,legitimate
2026,phishing
2027,phishing
2028,legitimate
2029,legitimate
2030,legitimate
2031,phishing
2032,phishing
2033,legitimate
2034,phishing
2035,legitimate
2036,phishing
2037,legitimate
2038,phishing
2039,phishing
2040,phishing
2041,phishing
2042,phishing
2043,legitimate
2044,legitimate
2045,legitimate
2046,phishing
2047,legitimate
2048,legitimate
2049,legitimate
2050,legitimate
2051,legitimate
2052,legitimate
2053,phishing
2054,legitimate
2055,legitimate
2056,phishing
2057,phishing
2058,legitimate
2059,phishing
2060,legitimate
2061,legitimate
2062,legitimate
2063,phishing
2064,legitimate
2065,phishing
2066,legitimate
2067,phishing
2068,legitimate
2069,phishing
2070,legitimate
2071,legitimate
2072,legitimate
2073,phishing
2074,legitimate
2075,phishing
2076,legitimate
2077,legitimate
2078,legitimate
2079,legitimate
2080,phishing
2081,phishing
2082,phishing
2083,phishing
2084,legitimate
2085,phishing
2086,phishing
2087,phishing
2088,legitimate
2089,legitimate
2090,phishing
2091,phishing
2092,phishing
2093,phishing
2094,phishing
2095,legitimate
2096,legitimate
2097,phishing
2098,legitimate
2099,legitimate
2100,phishing
2101,phishing
2102,phishing
2103,legitimate
2104,phishing
2105,phishing
2106,legitimate
2107,phishing
2108,legitimate
2109,legitimate
2110,legitimate
2111,legitimate
2112,phishing
2113,legitimate
2114,phishing
2115,phishing
2116,phishing
2117,legitimate
2118,legitimate
2119,phishing
2120,phishing
2121,legitimate
2122,legitimate
2123,legitimate
2124,legitimate
2125,legitimate
2126,legitimate
2127,legitimate
2128,legitimate
2129,phishing
2130,phishing
2131,phishing
2132,legitimate
2133,legitimate
2134,phishing
2135,phishing
2136,phishing
2137,legitimate
2138,legitimate
2139,phishing
2140,phishing
2141,phishing
2142,legitimate
2143,phishing
2144,legitimate
2145,phishing
2146,phishing
2147,phishing
2148,legitimate
2149,phishing
2150,legitimate
2151,legitimate
2152,legitimate
2153,phishing
2154,phishing
2155,legitimate
2156,legitimate
2157,phishing
2158,phishing
2159,phishing
2160,legitimate
2161,legitimate
2162,legitimate
2163,phishing
2164,legitimate
2165,legitimate
2166,legitimate
2167,legitimate
2168,phishing
2169,phishing
2170,legitimate
2171,phishing
2172,legitimate
2173,legitimate
2174,legitimate
2175,legitimate
2176,legitimate
2177,phishing
2178,legitimate
2179,phishing
2180,legitimate
2181,phishing
2182,phishing
2183,phishing
2184,phishing
2185,phishing
2186,phishing
2187,phishing
2188,phishing
2189,legitimate
2190,phishing
2191,phishing
2192,phishing
2193,legitimate
2194,phishing
2195,phishing
2196,legitimate
2197,phishing
2198,legitimate
2199,phishing
2200,phishing
2201,phishing
2202,phishing
2203,legitimate
2204,legitimate
2205,phishing
2206,legitimate
2207,phishing
2208,legitimate
2209,phishing
2210,phishing
2211,phishing
2212,phishing
2213,phishing
2214,phishing
2215,phishing
2216,legitimate
2217,legitimate
2218,phishing
2219,legitimate
2220,legitimate
2221,legitimate
2222,phishing
2223,legitimate
2224,legitimate
2225,legitimate
2226,legitimate
2227,phishing
2228,phishing
2229,legitimate
2230,legitimate
2231,phishing
2232,phishing
2233,legitimate
2234,legitimate
2235,legitimate
2236,phishing
2237,legitimate
2238,phishing
2239,legitimate
2240,legitimate
2241,legitimate
2242,legitimate
2243,phishing
2244,phishing
2245,phishing
2246,legitimate
2247,phishing
2248,legitimate
2249,phishing
2250,legitimate
2251,legitimate
2252,phishing
2253,phishing
2254,phishing
2255,legitimate
2256,phishing
2257,legitimate
2258,phishing
2259,legitimate
2260,phishing
2261,legitimate
2262,phishing
2263,legitimate
2264,legitimate
2265,phishing
2266,phishing
2267,phishing
2268,phishing
2269,phishing
2270,legitimate
2271,legitimate
2272,phishing
2273,legitimate
2274,phishing
2275,legitimate
2276,phishing
2277,legitimate
2278,legitimate
2279,phishing
2280,phishing
2281,phishing
2282,phishing
2283,legitimate
2284,phishing
2285,legitimate
2286,phishing
2287,legitimate
2288,legitimate
2289,legitimate
2290,phishing
2291,legitimate
2292,legitimate
2293,phishing
2294,phishing
2295,legitimate
2296,phishing
2297,phishing
2298,phishing
2299,legitimate
2300,phishing
2301,legitimate
2302,phishing
2303,phishing
2304,phishing
2305,phishing
2306,legitimate
2307,phishing
2308,phishing
2309,legitimate
2310,legitimate
2311,phishing
2312,phishing
2313,legitimate
2314,legitimate
2315,phishing
2316,phishing
2317,phishing
2318,phishing
2319,legitimate
2320,phishing
2321,phishing
2322,legitimate
2323,phishing
2324,legitimate
2325,legitimate
2326,legitimate
2327,legitimate
2328,phishing
2329,phishing
2330,phishing
2331,phishing
2332,legitimate
2333,legitimate
2334,legitimate
2335,phishing
2336,phishing
2337,phishing
2338,legitimate
2339,legitimate
2340,legitimate
2341,legitimate
2342,legitimate
2343,phishing
2344,phishing
2345,phishing
2346,phishing
2347,legitimate
2348,phishing
2349,phishing
2350,phishing
2351,legitimate
2352,phishing
2353,legitimate
2354,legitimate
2355,phishing
2356,phishing
2357,legitimate
2358,phishing
2359,phishing
2360,legitimate
2361,phishing
2362,phishing
2363,legitimate
2364,legitimate
2365,phishing
2366,phishing
2367,legitimate
2368,legitimate
2369,legitimate
2370,phishing
2371,phishing
2372,legitimate
2373,legitimate
2374,legitimate
2375,legitimate
2376,phishing
2377,phishing
2378,legitimate
2379,legitimate
2380,phishing
2381,phishing
2382,legitimate
2383,phishing
2384,phishing
2385,legitimate
2386,legitimate
2387,legitimate
2388,legitimate
2389,phishing
2390,phishing
2391,phishing
2392,legitimate
2393,legitimate
2394,phishing
2395,legitimate
2396,phishing
2397,legitimate
2398,phishing
2399,phishing
2400,phishing
2401,legitimate
2402,phishing
2403,phishing
2404,legitimate
2405,phishing
2406,legitimate
2407,legitimate
2408,legitimate
2409,phishing
2410,legitimate
2411,phishing
2412,legitimate
2413,legitimate
2414,legitimate
2415,legitimate
2416,legitimate
2417,phishing
2418,phishing
2419,phishing
2420,phishing
2421,phishing
2422,phishing
2423,phishing
2424,legitimate
2425,legitimate
2426,phishing
2427,phishing
2428,legitimate
2429,legitimate
2430,phishing
2431,legitimate
2432,legitimate
2433,phishing
2434,legitimate
2435,legitimate
2436,legitimate
2437,phishing
2438,phishing
2439,phishing
2440,phishing
2441,phishing
2442,legitimate
2443,phishing
2444,legitimate
2445,phishing
2446,phishing
2447,phishing
2448,legitimate
2449,legitimate
2450,legitimate
2451,phishing
2452,legitimate
2453,legitimate
2454,phishing
2455,legitimate
2456,legitimate
2457,legitimate
2458,phishing
2459,phishing
2460,legitimate
2461,legitimate
2462,legitimate
2463,legitimate
2464,legitimate
2465,legitimate
2466,phishing
2467,legitimate
2468,phishing
2469,legitimate
2470,phishing
2471,phishing
2472,legitimate
2473,phishing
2474,legitimate
2475,phishing
2476,phishing
2477,phishing
2478,legitimate
2479,legitimate
2480,phishing
2481,legitimate
2482,phishing
2483,phishing
2484,legitimate
2485,legitimate
2486,legitimate
2487,phishing
2488,phishing
2489,phishing
2490,legitimate
2491,legitimate
2492,phishing
2493,phishing
2494,phishing
2495,legitimate
2496,phishing
2497,phishing
2498,legitimate
2499,legitimate
2500,phishing
2501,legitimate
2502,legitimate
2503,phishing
2504,legitimate
2505,phishing
2506,phishing
2507,phishing
2508,phishing
2509,legitimate
2510,legitimate
2511,phishing
2512,phishing
2513,phishing
2514,phishing
2515,phishing
2516,legitimate
2517,phishing
2518,legitimate
2519,legitimate
2520,phishing
2521,phishing
2522,phishing
2523,phishing
2524,legitimate
2525,phishing
2526,legitimate
2527,legitimate
2528,legitimate
2529,legitimate
2530,legitimate
2531,phishing
2532,phishing
2533,phishing
2534,phishing
2535,legitimate
2536,legitimate
2537,legitimate
2538,phishing
2539,phishing
2540,phishing
2541,phishing
2542,legitimate
2543,legitimate
2544,phishing
2545,legitimate
2546,legitimate
2547,phishing
2548,phishing
2549,phishing
2550,legitimate
2551,legitimate
2552,legitimate
2553,phishing
2554,legitimate
2555,phishing
2556,phishing
2557,phishing
2558,phishing
2559,phishing
2560,legitimate
2561,legitimate
2562,phishing
2563,phishing
2564,legitimate
2565,legitimate
2566,legitimate
2567,phishing
2568,phishing
2569,phishing
2570,legitimate
2571,legitimate
2572,phishing
2573,phishing
2574,phishing
2575,legitimate
2576,legitimate
2577,legitimate
2578,phishing
2579,phishing
2580,legitimate
2581,legitimate
2582,legitimate
2583,phishing
2584,legitimate
2585,legitimate
2586,phishing
2587,phishing
2588,legitimate
2589,legitimate
2590,phishing
2591,legitimate
2592,phishing
2593,legitimate
2594,phishing
2595,legitimate
2596,legitimate
2597,phishing
2598,phishing
2599,legitimate
2600,legitimate
2601,phishing
2602,legitimate
2603,phishing
2604,phishing
2605,legitimate
2606,legitimate
2607,phishing
2608,legitimate
2609,legitimate
2610,legitimate
2611,legitimate
2612,phishing
2613,phishing
2614,phishing
2615,legitimate
2616,phishing
2617,legitimate
2618,legitimate
2619,phishing
2620,legitimate
2621,legitimate
2622,phishing
2623,phishing
2624,phishing
2625,legitimate
2626,phishing
2627,phishing
2628,phishing
2629,phishing
2630,phishing
2631,phishing
2632,legitimate
2633,legitimate
2634,phishing
2635,legitimate
2636,phishing
2637,phishing
2638,legitimate
2639,phishing
2640,legitimate
2641,legitimate
2642,phishing
2643,legitimate
2644,legitimate
2645,legitimate
2646,legitimate
2647,phishing
2648,legitimate
2649,legitimate
2650,phishing
2651,phishing
2652,legitimate
2653,phishing
2654,legitimate
2655,legitimate
2656,phishing
2657,legitimate
2658,legitimate
2659,legitimate
2660,legitimate
2661,legitimate
2662,phishing
2663,phishing
2664,legitimate
2665,legitimate
2666,phishing
2667,legitimate
2668,legitimate
2669,legitimate
2670,legitimate
2671,legitimate
2672,legitimate
2673,legitimate
2674,phishing
2675,legitimate
2676,legitimate
2677,phishing
2678,phishing
2679,legitimate
2680,legitimate
2681,phishing
2682,legitimate
2683,legitimate
2684,phishing
2685,phishing
2686,phishing
2687,legitimate
2688,legitimate
2689,phishing
2690,phishing
2691,legitimate
2692,phishing
2693,legitimate
2694,legitimate
2695,legitimate
2696,legitimate
2697,legitimate
2698,phishing
2699,legitimate
2700,legitimate
2701,legitimate
2702,phishing
2703,legitimate
2704,legitimate
2705,legitimate
2706,legitimate
2707,legitimate
2708,legitimate
2709,phishing
2710,legitimate
2711,phishing
2712,legitimate
2713,phishing
2714,phishing
2715,legitimate
2716,phishing
2717,phishing
2718,legitimate
2719,phishing
2720,legitimate
2721,phishing
2722,phishing
2723,legitimate
2724,legitimate
2725,legitimate
2726,legitimate
2727,legitimate
2728,phishing
2729,legitimate
2730,legitimate
2731,legitimate
2732,phishing
2733,legitimate
2734,phishing
2735,phishing
2736,legitimate
2737,legitimate
2738,legitimate
2739,phishing
2740,phishing
2741,legitimate
2742,phishing
2743,legitimate
2744,legitimate
2745,legitimate
2746,legitimate
2747,phishing
2748,legitimate
2749,phishing
2750,phishing
2751,phishing
2752,phishing
2753,legitimate
2754,legitimate
2755,phishing
2756,legitimate
2757,phishing
2758,phishing
2759,phishing
2760,phishing
2761,phishing
2762,phishing
2763,legitimate
2764,phishing
2765,phishing
2766,legitimate
2767,legitimate
2768,phishing
2769,phishing
2770,phishing
2771,phishing
2772,phishing
2773,phishing
2774,legitimate
2775,phishing
2776,phishing
2777,legitimate
2778,phishing
2779,legitimate
2780,phishing
2781,legitimate
2782,phishing
2783,legitimate
2784,phishing
2785,legitimate
2786,legitimate
2787,phishing
2788,legitimate
2789,phishing
2790,legitimate
2791,legitimate
2792,phishing
2793,legitimate
2794,phishing
2795,phishing
2796,phishing
2797,phishing
2798,legitimate
2799,phishing
2800,legitimate
2801,legitimate
2802,legitimate
2803,phishing
2804,phishing
2805,phishing
2806,legitimate
2807,legitimate
2808,legitimate
2809,legitimate
2810,phishing
2811,phishing
2812,legitimate
2813,phishing
2814,legitimate
2815,phishing
2816,phishing
2817,legitimate
2818,phishing
2819,phishing
2820,legitimate
2821,phishing
2822,legitimate
2823,phishing
2824,legitimate
2825,legitimate
2826,legitimate
2827,legitimate
2828,legitimate
2829,legitimate
2830,legitimate
2831,phishing
2832,legitimate
2833,phishing
2834,legitimate
2835,phishing
2836,phishing
2837,legitimate
2838,legitimate
2839,legitimate
2840,legitimate
2841,phishing
2842,legitimate
2843,phishing
2844,phishing
2845,phishing
2846,legitimate
2847,legitimate
2848,legitimate
2849,phishing
2850,legitimate
2851,legitimate
2852,phishing
2853,legitimate
2854,phishing
2855,legitimate
2856,legitimate
2857,phishing
2858,legitimate
2859,phishing
2860,phishing
2861,legitimate
2862,phishing
2863,legitimate
2864,legitimate
2865,phishing
2866,phishing
2867,legitimate
2868,legitimate
2869,phishing
2870,phishing
2871,legitimate
2872,phishing
2873,legitimate
2874,phishing
2875,legitimate
2876,legitimate
2877,legitimate
2878,phishing
2879,legitimate
2880,legitimate
2881,legitimate
2882,phishing
2883,legitimate
2884,phishing
2885,legitimate
2886,legitimate
2887,legitimate
2888,phishing
2889,phishing
2890,legitimate
2891,phishing
2892,legitimate
2893,phishing
2894,legitimate
2895,phishing
2896,phishing
2897,legitimate
2898,phishing
2899,phishing
2900,legitimate
2901,phishing
2902,phishing
2903,phishing
2904,legitimate
2905,phishing
2906,legitimate
2907,legitimate
2908,phishing
2909,legitimate
2910,legitimate
2911,phishing
2912,legitimate
2913,legitimate
2914,legitimate
2915,legitimate
2916,legitimate
2917,legitimate
2918,phishing
2919,phishing
2920,legitimate
2921,legitimate
2922,phishing
2923,legitimate
2924,legitimate
2925,legitimate
2926,phishing
2927,legitimate
2928,phishing
2929,phishing
2930,phishing
2931,phishing
2932,phishing
2933,legitimate
2934,legitimate
2935,legitimate
2936,phishing
2937,phishing
2938,phishing
2939,phishing
2940,phishing
2941,phishing
2942,phishing
2943,phishing
2944,phishing
2945,legitimate
2946,legitimate
2947,legitimate
2948,phishing
2949,legitimate
2950,phishing
2951,legitimate
2952,legitimate
2953,legitimate
2954,legitimate
2955,phishing
2956,legitimate
2957,phishing
2958,legitimate
2959,legitimate
2960,phishing
2961,legitimate
2962,legitimate
2963,phishing
2964,phishing
2965,legitimate
2966,legitimate
2967,phishing
2968,legitimate
2969,phishing
2970,phishing
2971,phishing
2972,legitimate
2973,legitimate
2974,legitimate
2975,legitimate
2976,phishing
2977,legitimate
2978,legitimate
2979,legitimate
2980,legitimate
2981,legitimate
2982,legitimate
2983,phishing
2984,phishing
2985,legitimate
2986,legitimate
2987,legitimate
2988,legitimate
2989,legitimate
2990,phishing
2991,phishing
2992,phishing
2993,legitimate
2994,phishing
2995,legitimate
2996,phishing
2997,phishing
2998,phishing
2999,legitimate
3000,phishing
3001,legitimate
3002,legitimate
3003,legitimate
3004,legitimate
3005,legitimate
3006,legitimate
3007,legitimate
3008,legitimate
3009,legitimate
3010,legitimate
3011,phishing
3012,phishing
3013,phishing
3014,legitimate
3015,legitimate
3016,legitimate
3017,phishing
3018,legitimate
3019,legitimate
3020,phishing
3021,phishing
3022,legitimate
3023,phishing
3024,legitimate
3025,phishing
3026,phishing
3027,legitimate
3028,phishing
3029,phishing
3030,legitimate
3031,phishing
3032,legitimate
3033,legitimate
3034,legitimate
3035,phishing
3036,phishing
3037,phishing
3038,phishing
3039,legitimate
3040,legitimate
3041,phishing
3042,phishing
3043,phishing
3044,phishing
3045,phishing
3046,phishing
3047,phishing
3048,phishing
3049,legitimate
3050,phishing
3051,phishing
3052,phishing
3053,legitimate
3054,legitimate
3055,phishing
3056,legitimate
3057,legitimate
3058,legitimate
3059,phishing
3060,legitimate
3061,legitimate
3062,legitimate
3063,legitimate
3064,legitimate
3065,legitimate
3066,legitimate
3067,legitimate
3068,phishing
3069,legitimate
3070,legitimate
3071,legitimate
3072,phishing
3073,phishing
3074,phishing
3075,legitimate
3076,phishing
3077,phishing
3078,legitimate
3079,phishing
3080,phishing
3081,phishing
3082,phishing
3083,legitimate
3084,phishing
3085,phishing
3086,legitimate
3087,legitimate
3088,phishing
3089,legitimate
3090,phishing
3091,phishing
3092,phishing
3093,phishing
3094,phishing
3095,phishing
3096,phishing
3097,legitimate
3098,phishing
3099,phishing
3100,legitimate
3101,phishing
3102,legitimate
3103,legitimate
3104,phishing
3105,phishing
3106,legitimate
3107,phishing
3108,phishing
3109,legitimate
3110,legitimate
3111,legitimate
3112,legitimate
3113,legitimate
3114,legitimate
3115,legitimate
3116,legitimate
3117,phishing
3118,phishing
3119,legitimate
3120,legitimate
3121,phishing
3122,phishing
3123,phishing
3124,phishing
3125,phishing
3126,legitimate
3127,phishing
3128,legitimate
3129,phishing
3130,phishing
3131,phishing
3132,legitimate
3133,legitimate
3134,legitimate
3135,phishing
3136,legitimate
3137,legitimate
3138,legitimate
3139,phishing
3140,legitimate
3141,legitimate
3142,phishing
3143,phishing
3144,legitimate
3145,phishing
3146,phishing
3147,phishing
3148,legitimate
3149,legitimate
3150,phishing
3151,phishing
3152,phishing
3153,phishing
3154,phishing
3155,phishing
3156,phishing
3157,legitimate
3158,legitimate
3159,legitimate
3160,phishing
3161,phishing
3162,legitimate
3163,phishing
3164,phishing
3165,legitimate
3166,phishing
3167,phishing
3168,phishing
3169,legitimate
3170,phishing
3171,legitimate
3172,phishing
3173,legitimate
3174,legitimate
3175,legitimate
3176,legitimate
3177,legitimate
3178,legitimate
3179,legitimate
3180,legitimate
3181,phishing
3182,phishing
3183,phishing
3184,legitimate
3185,phishing
3186,phishing
3187,phishing
3188,legitimate
3189,legitimate
3190,legitimate
3191,phishing
3192,legitimate
3193,legitimate
3194,legitimate
3195,legitimate
3196,phishing
3197,legitimate
3198,legitimate
3199,phishing
3200,phishing
3201,phishing
3202,legitimate
3203,phishing
3204,legitimate
3205,phishing
3206,phishing
3207,legitimate
3208,phishing
3209,legitimate
3210,legitimate
3211,legitimate
3212,phishing
3213,legitimate
3214,legitimate
3215,legitimate
3216,phishing
3217,legitimate
3218,legitimate
3219,legitimate
3220,phishing
3221,phishing
3222,phishing
3223,legitimate
3224,phishing
3225,phishing
3226,legitimate
3227,legitimate
3228,legitimate
3229,phishing
3230,phishing
3231,legitimate
3232,legitimate
3233,legitimate
3234,legitimate
3235,legitimate
3236,phishing
3237,phishing
3238,phishing
3239,phishing
3240,phishing
3241,phishing
3242,phishing
3243,phishing
3244,legitimate
3245,legitimate
3246,phishing
3247,phishing
3248,legitimate
3249,legitimate
3250,phishing
3251,phishing
3252,phishing
3253,phishing
3254,legitimate
3255,legitimate
3256,legitimate
3257,phishing
3258,phishing
3259,phishing
3260,phishing
3261,phishing
3262,legitimate
3263,phishing
3264,legitimate
3265,phishing
3266,legitimate
3267,legitimate
3268,phishing
3269,phishing
3270,legitimate
3271,legitimate
3272,legitimate
3273,phishing
3274,legitimate
3275,legitimate
3276,legitimate
3277,phishing
3278,legitimate
3279,legitimate
3280,phishing
3281,legitimate
3282,legitimate
3283,phishing
3284,phishing
3285,phishing
3286,legitimate
3287,legitimate
3288,phishing
3289,phishing
3290,phishing
3291,legitimate
3292,phishing
3293,legitimate
3294,phishing
3295,legitimate
3296,phishing
3297,phishing
3298,legitimate
3299,phishing
3300,legitimate
3301,legitimate
3302,legitimate
3303,phishing
3304,phishing
3305,legitimate
3306,legitimate
3307,legitimate
3308,legitimate
3309,phishing
3310,phishing
3311,legitimate
3312,phishing
3313,legitimate
3314,legitimate
3315,legitimate
3316,phishing
3317,legitimate
3318,legitimate
3319,legitimate
3320,legitimate
3321,legitimate
3322,phishing
3323,phishing
3324,legitimate
3325,phishing
3326,legitimate
3327,phishing
3328,legitimate
3329,phishing
3330,phishing
3331,phishing
3332,legitimate
3333,legitimate
3334,legitimate
3335,legitimate
3336,legitimate
3337,legitimate
3338,phishing
3339,legitimate
3340,phishing
3341,phishing
3342,phishing
3343,legitimate
3344,phishing
3345,legitimate
3346,phishing
3347,legitimate
3348,legitimate
3349,legitimate
3350,legitimate
3351,legitimate
3352,phishing
3353,legitimate
3354,legitimate
3355,phishing
3356,legitimate
3357,phishing
3358,legitimate
3359,phishing
3360,legitimate
3361,legitimate
3362,legitimate
3363,legitimate
3364,legitimate
3365,phishing
3366,phishing
3367,legitimate
3368,legitimate
3369,phishing
3370,phishing
3371,legitimate
3372,legitimate
3373,legitimate
3374,legitimate
3375,legitimate
3376,legitimate
3377,phishing
3378,legitimate
3379,phishing
3380,legitimate
3381,legitimate
3382,legitimate
3383,phishing
3384,legitimate
3385,phishing
3386,phishing
3387,phishing
3388,phishing
3389,phishing
3390,phishing
3391,legitimate
3392,phishing
3393,phishing
3394,phishing
3395,legitimate
3396,legitimate
3397,phishing
3398,legitimate
3399,legitimate
3400,phishing
3401,legitimate
3402,phishing
3403,legitimate
3404,legitimate
3405,legitimate
3406,phishing
3407,legitimate
3408,legitimate
3409,legitimate
3410,legitimate
3411,phishing
3412,legitimate
3413,phishing
3414,legitimate
3415,legitimate
3416,legitimate
3417,phishing
3418,legitimate
3419,legitimate
3420,legitimate
3421,legitimate
3422,legitimate
3423,phishing
3424,phishing
3425,phishing
3426,phishing
3427,legitimate
3428,phishing
